codigo_articulo,descripcion,grupo_id,unidad_id,requiere_control_lote,activo,fecha_alta
2212001001,ACEITE COMESTIBLE DE 20 LTS,5,1,False,True,2026-09-24
2212001002,ACEITE DE OLIVA DE 750ML,5,5,False,True,2026-09-24
2212001003,ADEREZO FRANCES PARA ENSALADA 237 ML,5,6,False,True,2026-09-24
2212001006,ATUN EN ACEITE DE 1880 GRAMOS,5,11,False,True,2026-09-24
2212001007,AZUCAR BOLSA,5,9,False,True,2026-09-24
2212001010,CAFE SOLUBLE DE 200 GRAMOS,5,6,False,True,2026-09-24
2212001013,CEREAL DE ARROZ DE 300 GRS,5,14,False,True,2026-09-24
2212001014,CEREAL DE AVENA DE 300 GRS.,5,14,False,True,2026-09-24
2212001015,CEREAL MIXTO DE 300 GRS,5,14,False,True,2026-09-24
2212001016,CHILE CHIPOTLE DE 380 GRS.,5,11,False,True,2026-09-24
2212001018,CHILE JALAPEÑO EN RAJAS DE 2800 GRS.,5,11,False,True,2026-09-24
2212001019,CHOCOLATE EN BARRA TIPO CARLOS V C/16,5,4,False,True,2026-09-24
2212001020,CHOCOLATE EN POLVO BOLSA,5,9,False,True,2026-09-24
2212001021,COCADA INDIVIDUAL,5,15,False,True,2026-09-24
2212001022,CONCENTRADO DE HORCHATA LÍQUIDO,5,7,False,True,2026-09-24
2212001023,CONCENTRADO DE LIMON EN POLVO 500 GRS,5,14,False,True,2026-09-24
2212001026,CONSOME DE POLLO,5,9,False,True,2026-09-24
2212001027,DESINFECTANTE LÍQUIDO,5,12,False,True,2026-09-24
2212001028,DURAZNO EN ALMIBAR DE 820 GRS,5,11,False,True,2026-09-24
2212001029,FECULA DE MAIZ VARIOS SABORES CON 24 SOBRES,5,4,False,True,2026-09-24
2212001030,FECULA DE MAIZ NATURAL PAQ. DE 750GR.,5,14,False,True,2026-09-24
2212001031,FLAN DE VAINILLA,5,9,False,True,2026-09-24
2212001032,GALLETA DULCE SURTIDO DE 720 GRS,5,14,False,True,2026-09-24
2212001033,GALLETA TIPO HABANERA,5,14,False,True,2026-09-24
2212001034,GALLETA MARIA,5,9,False,True,2026-09-24
2212001035,GALLETA SALADA INDIVIDUAL DE 2.6 KG,5,4,False,True,2026-09-24
2212001036,GELATINA EN POLVO VARIOS SABORES,5,9,False,True,2026-09-24
2212001037,GELATINA PARA DIABETICO,5,9,False,True,2026-09-24
2212001038,HARINA DE ARROZ DE 500 GRS,5,14,False,True,2026-09-24
2212001040,HARINA DE TRIGO,5,9,False,True,2026-09-24
2212001041,HARINA PARA HOT CAKES,5,9,False,True,2026-09-24
2212001042,HOJUELAS DE MAIZ 10 KILOS,5,4,False,True,2026-09-24
2212001044,JUGO SABOR NARANJA DE 480 ML,5,15,False,True,2026-09-24
2212001045,LECHE EVAPORADA,5,11,False,True,2026-09-24
2212001046,MAYONESA DE 3.785 KILOS,5,6,False,True,2026-09-24
2212001047,MERMELADA DE FRESA INDIVIDUAL,5,15,False,True,2026-09-24
2212001048,MIEL DE MAIZ DE 500 ML,5,6,False,True,2026-09-24
2212001049,MOLE POBLANO 2800 GRS,5,11,False,True,2026-09-24
2212001050,MOSTAZA DE 3.785 KG,5,6,False,True,2026-09-24
2212001051,MOSTAZA DE 430 GRS,5,5,False,True,2026-09-24
2212001053,PASTA PARA SOPA CODITO CHICO 4 KILOS,5,4,False,True,2026-09-24
2212001054,PASTA PARA SOPA ESPAGUETTI 4 KILOS,5,4,False,True,2026-09-24
2212001055,PASTA PARA SOPA FIDEO 4 KILOS,5,4,False,True,2026-09-24
2212001057,PEPIAN DE 2800 GRAMOS,5,11,False,True,2026-09-24
2212001058,PIÑA EN ALMIBAR DE 710 GRAMOS,5,11,False,True,2026-09-24
2212001060,PURE DE TOMATE DE 2.950 KILOGRAMOS,5,11,False,True,2026-09-24
2212001062,SAL EN GRANO BOLSA,5,9,False,True,2026-09-24
2212001063,SAL MOLIDA BOLSA,5,9,False,True,2026-09-24
2212001064,SALSA CATSUP TETRAPAK,5,12,False,True,2026-09-24
2212001065,SALSA CATSUP INDIVIDUAL,5,15,False,True,2026-09-24
2212001066,SALSA DE SOYA,5,12,False,True,2026-09-24
2212001067,SALSA TIPO INGLESA DE 980 MILILITROS,5,6,False,True,2026-09-24
2212001071,VAINILLA,5,12,False,True,2026-09-24
2212001072,VINAGRE BLANCO,5,7,False,True,2026-09-24
2212001073,MOSTAZA INDIVIDUAL 5 GR,5,15,False,True,2026-09-24
2212001075,GELATINA VARIOS SABORES ULTRAPASTEURIZADA INDIVIDUAL,5,15,False,True,2026-09-24
2212001079,HOJUELA DE MAIZ NATURAL INDIVIDUAL,5,14,False,True,2026-09-24
2212001080,CEREAL DE ARROZ INFLADO SABOR CHOCOLATE INDIVIDUAL,5,14,False,True,2026-09-24
2212001085,MAYONESA INDIVIDUAL,5,15,False,True,2026-09-24
2212001086,CONCENTRADO DE TAMARINDO,5,7,False,True,2026-09-24
2212001087,HOJUELAS DE MAIZ CON AZUCAR 15 KILOS,5,4,False,True,2026-09-24
2212001089,CHONGOS ZAMORANOS DE 450 GRS,5,11,False,True,2026-09-24
2212001100,PASTA PARA SOPA ESTRELLITA CAJA 4 KILOS,5,4,False,True,2026-09-24
2212001101,PASTA PARA SOPA MACARRON 4 KILOS,5,4,False,True,2026-09-24
2212001102,PASTA PARA SOPA PLUMA 4 KILOS,5,4,False,True,2026-09-24
2212001103,PASTA PARA SOPA TORNILLO 4 KILOS,5,4,False,True,2026-09-24
2212001106,ACEITE COMESTIBLE,5,12,False,True,2026-09-24
2212001107,ACEITE DE COCO,5,12,False,True,2026-09-24
2212001109,ATE DE MEMBRILLO BARRA,5,9,False,True,2026-09-24
2212001111,ATÚN EN AGUA DE 155 GR,5,11,False,True,2026-09-24
2212001114,CHOCOLATE EN TABLILLA CON 6,5,14,False,True,2026-09-24
2212001121,JUGO ULTRAPASTEURIZADO VARIOS SABORES TETRAPAK 200ML,5,15,False,True,2026-09-24
2212001122,LECHE CONDENSADA,5,11,False,True,2026-09-24
2212001123,LECHE EVAPORADA TETRAPAK,5,12,False,True,2026-09-24
2212001125,MIEL MAPLE INDIVIDUAL,5,15,False,True,2026-09-24
2212001126,MIEL DE ABEJA INDIVIDUAL PIEZA,5,15,False,True,2026-09-24
2212001129,PASTA PARA SOPA CODITO GRANDE DE 4 KILOS,5,4,False,True,2026-09-24
2212001130,PURE DE TOMATE CONDIMENTADO TETRAPAK,5,12,False,True,2026-09-24
2212001133,VINAGRE DE MANZANA DE 720 ML,5,6,False,True,2026-09-24
2212001135,PAPILLA FRUTA SEGUNDA ETAPA,5,6,False,True,2026-09-24
2212001136,PAPILLA FRUTA TERCERA ETAPA 170 GR.,5,6,False,True,2026-09-24
2212001144,ACEITE DE CANOLA,5,12,False,True,2026-09-24
2212001146,"CEREAL DE ARROZ S/ AZUCAR DE 300GR, TIPO NESTUM",5,11,False,True,2026-09-24
2212001151,COMINO RESTAURANTERO 511 GRAMOS,5,6,False,True,2026-09-24
2212001152,ENDULZANTE ARTIFICIAL A BASE DE SUCRALOSA Y DEXTROSA INDIVIDUAL,5,16,False,True,2026-09-24
2212001155,AGUA PURIFICADA 600ML,5,3,False,True,2026-09-24
2212001159,SAL DE AJO,5,5,False,True,2026-09-24
2212001162,MERMELADA DE CHABACANO,5,14,False,True,2026-09-24
2212001163,ACEITUNAS DE 450 GRS,5,6,False,True,2026-09-24
2212001164,"CEREAL DE ARROZ DE AVENA, MAÍZ Y TRIGO CON SABOR A FRUTAS INDIVIDUAL",5,14,False,True,2026-09-24
2212001165,CARAMELO EMPACADO,5,9,False,True,2026-09-24
2212001167,AGUA PURIFICADA GARRAFON 20 LTS,5,8,False,True,2026-09-24
2212001170,"LECHE DE SOYA CON OMEGA 3, 6 Y 9 EN POLVO",8,2,False,True,2026-09-24
2212001172,AVENA BOTE DE 400 GR,5,3,False,True,2026-09-24
2212001173,CANELA MOLIDA,5,6,False,True,2026-09-24
2212001174,OREGANO SECO,5,6,False,True,2026-09-24
2212001175,PIMIENTA NEGRA MOLIDA GRANO GRUESO RESTAURANTERA DE 511 GRS FRASCO,5,6,False,True,2026-09-24
2212001181,LECHE DE SOYA EN POLVO LIBRE DE AZUCARES Y ENDULZADA CON MALTODDEXITRINAS CON MINIMO 26 G DE PROTEINA EN LECHE DESLACTOSADA,8,9,False,True,2026-09-24
2212001186,ATUN EN AGUA 1880GR,5,11,False,True,2026-09-24
2212001187,GALLETA EN FORMA DE ANIMALITO DE 500 GRS,5,14,False,True,2026-09-24
2212001189,"PROTEINA TEXTURIZADA DE SOYA, ACEITE DE SOYA SAL. SAZONADORES NATURALES SABOR COCHINITA PIBIL",5,9,False,True,2026-09-24
2212001190,"PROTEINA TEXTURIZADA DE SOYA, ACEITE DE SOYA SAL. SAZONADORES NATURALES SABOR CEVICHE",5,9,False,True,2026-09-24
2212001191,PROTEINA DE SOYA TECTURIZADA SABOR (BIRRIA),5,9,False,True,2026-09-24
2212001193,NECTAR VARIOS SABORES TETRAPAK UTRAPASTEURIZADO 250 ML,5,15,False,True,2026-09-24
2212001194,PAPILLA VEDURA TERCERA ETAPA,5,6,False,True,2026-09-24
2212001196,LECHE DESLACTOSADA LIGHT LITRO,7,12,True,True,2026-09-24
2212001202,AGUA MINERAL CARBONATADA DE 600 ML.,5,15,False,True,2026-09-24
2212001203,ZARZAMORA CONGELADA,3,9,True,True,2026-09-24
2212001204,BEBIDA CARBONACTADA LIGHT 355 ML.,5,15,False,True,2026-09-24
2212002001,FAJITAS DE CERDO,1,9,True,True,2026-09-24
2212002002,PALETA DE HIELO VARIOS SABORES 100 GR,5,15,False,True,2026-09-24
2212002003,BISTECK DE RES AGUAYON PARA BROCHETA,11,9,True,True,2026-09-24
2212002004,CARNAZA DE CERDO EN TROZO,1,9,True,True,2026-09-24
2212002005,CARNE DE RES PARA COCIDO CON PLATANO Y POCO HUESO,11,9,True,True,2026-09-24
2212002006,CARNE DE RES PARA DESHEBRAR CORTE DE KILO,11,9,True,True,2026-09-24
2212002007,CARNE MOLIDA DE CERDO POCA GRASA,1,9,True,True,2026-09-24
2212002008,CARNE MOLIDA DE RES POCA GRASA,11,9,True,True,2026-09-24
2212002009,CHAMORRO DE CERDO PARTIDO,1,9,True,True,2026-09-24
2212002010,CHULETA DE CERDO AHUMADA CORTE DE 120GR C/U,1,9,True,True,2026-09-24
2212002011,COSTILLA DE CERDO EN TROCITO,1,9,True,True,2026-09-24
2212002012,CUETE DE RES EN TROCITO,11,9,True,True,2026-09-24
2212002013,FAJITAS DE RES,11,9,True,True,2026-09-24
2212002014,LOMO DE CERDO,1,9,True,True,2026-09-24
2212002015,MENUDO DE RES,11,9,True,True,2026-09-24
2212002016,MILANESA DE CERDO,1,9,True,True,2026-09-24
2212002018,PIERNA DE CERDO EN TROZO CORTE DE 3 KILOS,1,9,True,True,2026-09-24
2212002019,BISTECK DE RES BOLA,11,9,True,True,2026-09-24
2212002020,COSTILLA DE RES CARGADA,11,9,True,True,2026-09-24
2212002021,FALDA DE RES EN TROZO,11,9,True,True,2026-09-24
2212002022,PIERNA DE CERDO EN TROCITO,1,9,True,True,2026-09-24
2212002023,CARNITAS,1,9,True,True,2026-09-24
2212002024,CHAMBERETE DE RES,11,9,True,True,2026-09-24
2212002025,CABEZA DE CERDO PARTIDA,1,9,True,True,2026-09-24
2212002026,PATA DE CERDO PARTIDA EN CUARTOS,1,9,True,True,2026-09-24
2212002027,CHICHARRON DE CERDO,1,9,True,True,2026-09-24
2212002028,ESPALDA DE CERDO,1,9,True,True,2026-09-24
2212002029,BISTECK DE RES ESPALDA CORTE DE 150GR C/U,1,9,True,True,2026-09-24
2212002030,BISTECK DE CERDO CORTE DE 150GR C/U,1,9,True,True,2026-09-24
2212002032,CHULETA DE RES CORTE DE 200GR C/U,11,9,True,True,2026-09-24
2212002033,CARNE DE RES PARA SU JUGO REBANADA,11,9,True,True,2026-09-24
2212002035,ESPINAZO DE CERDO DE LA PARTE DEL CENTRO,1,9,True,True,2026-09-24
2212002036,HUESO BLANCO DE CERDO PARA POZOLE,1,9,True,True,2026-09-24
2212002037,BISTECK DE RES,11,9,True,True,2026-09-24
2212002039,LENGUA RES,11,9,True,True,2026-09-24
2212002040,PULPA DE CERDO EN TROCITO,1,9,True,True,2026-09-24
2212002041,PULPA DE RES EN TROCITO,11,9,True,True,2026-09-24
2212002042,MILANESA DE RES,11,9,True,True,2026-09-24
2212002043,BISTEC DE RES PARTIDO PARA BROCHETA,11,9,True,True,2026-09-24
2212002044,TERNERA CON HUESO,11,9,True,True,2026-09-24
2212002045,PIERNA MECHADA,1,9,True,True,2026-09-24
2212002046,LOMO MECHADO,1,9,True,True,2026-09-24
2212003002,CHORIZO,4,9,True,True,2026-09-24
2212003003,JAMON DE PECHUGA DE PAVO REBANADA DE 30 G,4,9,True,True,2026-09-24
2212003004,JAMON DE PIERNA REBANADA DE 100GR,4,9,True,True,2026-09-24
2212003008,TOCINO REBANADO,4,9,True,True,2026-09-24
2212003009,TOCINO REBANADA GRUESA,4,9,True,True,2026-09-24
2212003010,CHORIZO DE SOYA,4,9,True,True,2026-09-24
2212003011,JAMÓN PIERNA REBANADA DE 30GR,4,9,True,True,2026-09-24
2212003012,SALCHICHA DE PAVO,4,9,True,True,2026-09-24
2212003013,SALAMI REBANADO,4,9,True,True,2026-09-24
2212003016,NIEVE DE AGUA VARIOS SABORES LITRO,5,12,False,True,2026-09-24
2212003017,JAMON DE PIERNA YORK,4,9,True,True,2026-09-24
2212004001,CIRUELA ROJA,6,9,True,True,2026-09-24
2212004002,CAÑA DE AZUCAR,6,15,True,True,2026-09-24
2212004003,CIRUELA AMARILLA,6,9,True,True,2026-09-24
2212004004,DURAZNO,6,9,True,True,2026-09-24
2212004005,FRESA,6,9,True,True,2026-09-24
2212004006,GUAYABA,6,9,True,True,2026-09-24
2212004007,JICAMA,6,9,True,True,2026-09-24
2212004008,LIMA,6,9,True,True,2026-09-24
2212004009,MANDARINA,6,9,True,True,2026-09-24
2212004011,MANZANA DELICIA,6,9,True,True,2026-09-24
2212004012,MANZANA GOLDEN,6,9,True,True,2026-09-24
2212004013,MELON CANTALUP,6,9,True,True,2026-09-24
2212004014,NARANJA,6,9,True,True,2026-09-24
2212004015,PAPAYA,6,9,True,True,2026-09-24
2212004016,PERA,6,9,True,True,2026-09-24
2212004017,PERA MANTEQUILLA,6,9,True,True,2026-09-24
2212004018,PIÑA,6,9,True,True,2026-09-24
2212004019,PLATANO MACHO,6,9,True,True,2026-09-24
2212004020,PLATANO ROATAN,6,9,True,True,2026-09-24
2212004021,SANDIA,6,9,True,True,2026-09-24
2212004022,TEJOCOTE,6,9,True,True,2026-09-24
2212004023,TORONJA,6,9,True,True,2026-09-24
2212004025,MANGO PETACON,6,9,True,True,2026-09-24
2212004028,PLATANO DOMINICO,6,9,True,True,2026-09-24
2212004029,UVA GLOBO,6,9,True,True,2026-09-24
2212004030,UVA VERDE,6,9,True,True,2026-09-24
2212004031,MANGO BARRANQUEÑO,6,9,True,True,2026-09-24
2212004032,CIRUELA PASA SIN HUESO,6,9,True,True,2026-09-24
2212004034,GRANADA ROJA,6,9,True,True,2026-09-24
2212004035,TUNA,6,9,True,True,2026-09-24
2212004036,FORMULA DE CONTINUACION NO LACTEA A BASE DE PROTEINA DE ARROZ HIDROLIZADO Y HIERRO PARA PACIENTES QUE SUFREN DE COLITIS NEUTROPENICA,8,11,False,True,2026-09-24
2212004038,GRANADA CHINA,6,15,True,True,2026-09-24
2212004040,RABANO CHAMPION SIN RABO,13,9,True,True,2026-09-24
2212004041,TORTILLA ESPECIAL PARA ENCHILADAS,2,9,False,True,2026-09-24
2212004044,ALBAHACA FRESCA,13,13,True,True,2026-09-24
2212004045,MASA DE MAIZ,2,9,False,True,2026-09-24
2212005001,LECHE ULTRAPASTEURIZADA 250 ML TETRAPAK,7,15,True,True,2026-09-24
2212005002,LECHE ULTRAPASTEURIZADA SABOR VAINILLA 250 ML TETRAPAK,7,15,True,True,2026-09-24
2212005004,LECHE ULTRAPASTEURIZADA DESLACTOSADA 250 ML TETRAPAK,7,15,True,True,2026-09-24
2212005007,LECHE PASTEURIZADA DESCREMADA TETRAPAK,7,12,True,True,2026-09-24
2212005010,QUESO ADOBERA OREADO PASTEURIZADO,7,9,True,True,2026-09-24
2212005011,QUESO PARMESANO PASTEURIZADO,7,5,True,True,2026-09-24
2212005014,"CREMA ENTERA ACIDIFICADA PASTEURIZADA, BOTE DE 900 ML",7,9,True,True,2026-09-24
2212005015,LECHE PASTEURIZADA FRESCA,7,12,True,True,2026-09-24
2212005016,MANTEQUILLA CON SAL EN BARRA KILO,7,9,True,True,2026-09-24
2212005017,QUESO ADOBERA PASTEURIZADO,7,9,True,True,2026-09-24
2212005018,QUESO AMARILLO PASTEURIZADO,7,9,True,True,2026-09-24
2212005019,QUESO ASADERO EN BARRA PASTEURIZADO,7,9,True,True,2026-09-24
2212005020,QUESO COTIJA PASTEURIZADO,7,9,True,True,2026-09-24
2212005021,QUESO MANCHEGO PASTEURIZADO,7,9,True,True,2026-09-24
2212005022,QUESO PANELA PASTEURIZADO CON SAL,7,9,True,True,2026-09-24
2212005023,YOGURTH DE DURAZNO,7,12,True,True,2026-09-24
2212005024,YOGURTH DE FRESA,7,12,True,True,2026-09-24
2212005026,QUESO PANELA PASTEURIZADO SIN SAL,7,9,True,True,2026-09-24
2212005027,YOGURTH DE NUEZ,7,12,True,True,2026-09-24
2212005028,YOGURTH NATURAL SIN AZUCAR 900 GR,7,3,True,True,2026-09-24
2212005032,NIEVE DE LECHE VARIOS SABORES BOTE 5 LTS,7,3,True,True,2026-09-24
2212005033,YOGHURT INDIVIDUAL VARIOS SABORES 220 GRS,7,15,True,True,2026-09-24
2212005034,MANTEQUILLA SIN SAL EN BARRA,7,9,True,True,2026-09-24
2212005035,YOGURTH INDIVIDUAL SABOR NATURAL,7,15,True,True,2026-09-24
2212005037,REQUESON SIN SAL,7,9,True,True,2026-09-24
2212005038,YOGURTH DE PIÑA,7,12,True,True,2026-09-24
2212005041,QUESO COTTAGE PASTERUTIZADO.,7,9,True,True,2026-09-24
2212005042,LECHE FRESCA PASTEURIZADA LIGHT,7,12,True,True,2026-09-24
2212005043,FORMULA FORTIFICANTE DE LECHE HUMANA LIQUIDO EN VIALES DE 5ML,8,15,False,True,2026-09-24
2212006001,PECHUGA DE POLLO EN FAJITAS,10,9,True,True,2026-09-24
2212006002,PECHUGA DE POLLO CORDON BLUE PIEZAS DE 200 G,10,9,True,True,2026-09-24
2212006003,POLLO PARTIDO EN 8 PIGMENTADO SIN PIEL PESCUEZO Y MOLLEJAS,10,9,True,True,2026-09-24
2212006004,HUEVO KILO,10,9,True,True,2026-09-24
2212006005,PECHUGA DE POLLO SIN HUESO PARTIDA PARA BROCHETA,10,9,True,True,2026-09-24
2212006006,PECHUGA DE POLLO CON HUESO,10,9,True,True,2026-09-24
2212006009,PECHUGA DE POLLO EN FILETE DE 150 GRS. C/U,10,9,True,True,2026-09-24
2212006011,HAMBURGUESA DE POLLO CONGELADA DE 120GR,10,15,True,True,2026-09-24
2212006012,"POLLO ROSTIZADO (1,200 KG C/U)",10,15,True,True,2026-09-24
2212006013,PECHUGA DE POLLO SIN HUESO,10,9,True,True,2026-09-24
2212006014,NUGETTES DE POLLO,10,9,True,True,2026-09-24
2212007001,CAMARON FRESCO,9,9,True,True,2026-09-24
2212007002,CAMARON SECO,9,9,True,True,2026-09-24
2212007003,CAZON TIERNO S/ ESPINAS PIEZA,9,9,True,True,2026-09-24
2212007004,FILETE DE PESCADO HUACHINANGO CORTE DE 150GR C/U,9,9,True,True,2026-09-24
2212007005,MARLÍN,9,9,True,True,2026-09-24
2212007006,SURIMI,9,9,True,True,2026-09-24
2212007007,FILETE DE PESCADO CAZON EN CUBITO,9,9,True,True,2026-09-24
2212007008,"HUACHINANGO TROZO S/ESPINAS SIN CABEZA, ESCAMAS BRILLANTES Y PAGADAS A LA PIEL",9,9,True,True,2026-09-24
2212007009,PULPO LIMPIO FRESCO SIN CONGELAR,9,9,True,True,2026-09-24
2212007010,TROZO DE PESCADO,9,9,True,True,2026-09-24
2212007011,"CAFÉ TOSTADO Y MOLIDO MEZCLADO CON AZÚCAR, PAQUETE CON 500 GRAMOS",5,14,False,True,2026-09-24
2212007012,"CREMA ENTERA ACIDIFICADA PASTEURIZADA, BOTE DE 900 ML",7,3,True,True,2026-09-24
2212007013,TE DE LIMON CON 25 SOBRES,5,4,False,True,2026-09-24
2212007014,"TE DE CANELA A LA MANZANA, CAJA CON 25 SOBRES",5,4,False,True,2026-09-24
2212007015,"TE DE MANZANILLA, CAJA CON 25 SOBRES",5,4,False,True,2026-09-24
2212007016,"TE DE JAMAICA, CAJA CON 25 SOBRES",5,4,False,True,2026-09-24
2212007017,"TE DE HIERBABUENA, CAJA CON 25 SOBRES",5,4,False,True,2026-09-24
2212007018,"POLVO PARA PREPARAR CONCENTRADO SABOR LIMON, PAQUETE DE 500 GR",5,14,False,True,2026-09-24
2212008002,TOSTADA DESHIDRATADA,2,14,False,True,2026-09-24
2212008004,PASTEL DE ZANAHORIA,2,9,False,True,2026-09-24
2212008006,TARTALETA INDIVUDUAL DE 150 GRAMOS,2,15,False,True,2026-09-24
2212008007,BOLILLO CON SAL DE 160 GRAMOS,2,15,False,True,2026-09-24
2212008008,BOLILLO MINI SIN SAL,2,15,False,True,2026-09-24
2212008009,BOLILLO SIN SAL DE 80 GRAMOS,2,15,False,True,2026-09-24
2212008010,PAN BLANCO DE CAJA GRANDE,2,14,False,True,2026-09-24
2212008011,PAN DULCE,2,15,False,True,2026-09-24
2212008012,PAN MOLIDO,2,9,False,True,2026-09-24
2212008013,PAN PARA HAMBURGUESA,2,14,False,True,2026-09-24
2212008014,PAN PARA HOT-DOG,2,14,False,True,2026-09-24
2212008015,PAN TOSTADO,2,14,False,True,2026-09-24
2212008016,ROSCA DE REYES PARA 40 PERSONAS,2,15,False,True,2026-09-24
2212008017,TACO AL VAPOR,2,15,False,True,2026-09-24
2212008018,TELERA,2,15,False,True,2026-09-24
2212008020,TORTILLA DE HARINA,2,9,False,True,2026-09-24
2212008021,TORTILLA DE MAIZ PAQUETE CON 3 PIEZAS,2,9,False,True,2026-09-24
2212008022,TOSTADA DE MAIZ,2,15,False,True,2026-09-24
2212008023,TOTOPO,2,9,False,True,2026-09-24
2212008024,PAN INTEGRAL DE CAJA GRANDE,2,14,False,True,2026-09-24
2212008025,FLAUTA CONGELADA BOLSA CON 25 PIEZAS,2,2,False,True,2026-09-24
2212008026,BAGUETTE INTEGRAL INDIVIDUAL,2,15,False,True,2026-09-24
2212008028,BOLILLO FLEIMAN DE 150GR C/U,2,15,False,True,2026-09-24
2212008029,CUERNITO,2,15,False,True,2026-09-24
2212008031,VOLOVAN,2,15,False,True,2026-09-24
2212008032,TACO SURTIDO DORADO,2,15,False,True,2026-09-24
2212008033,TAMALES SURTIDOS,2,15,False,True,2026-09-24
2212008034,TORTILLA DE HARINA INTEGRAL,2,9,False,True,2026-09-24
2212008035,TORTILLA DE MAIZ PAQUETE CON 2 PIEZAS,2,9,False,True,2026-09-24
2212008037,BOLILLO MINI CON SAL,2,15,False,True,2026-09-24
2212008039,BOLILLO SALADO DE 180 GRAMOS,2,15,False,True,2026-09-24
2212008040,PASTEL DE TRES LECHES,2,9,False,True,2026-09-24
2212008042,BUÑUELOS,2,15,False,True,2026-09-24
2212008045,PAN DE MUERTO 200GR,2,15,False,True,2026-09-24
2212008048,SUSTITUTO DE CREMA PARA CAFÉ PASTEURIZADO BOTE DE 400GR,5,15,False,True,2026-09-24
2212008050,REFRESCO DE LATA 355 ML,5,15,False,True,2026-09-24
2212008051,HIELO BOLSA PLASTICA 5 KG,5,15,False,True,2026-09-24
2212009002,CHILE GUAJILLO,12,9,False,True,2026-09-24
2212009004,ACHIOTE BARRA,12,9,False,True,2026-09-24
2212009005,AJO CABEZA GRANDE,12,9,False,True,2026-09-24
2212009006,AJONJOLI,12,9,False,True,2026-09-24
2212009007,ALUBIA BOLSA CON FECHA DE CADUCIDAD DE A KILO,12,9,False,True,2026-09-24
2212009008,ARROZ BOLSA CON FECHA DE CADUCIDAD,12,9,False,True,2026-09-24
2212009009,CACAHUATE LIMPIO,12,9,False,True,2026-09-24
2212009010,CANELA EN RAMA,12,9,False,True,2026-09-24
2212009011,CHILE ANCHO A GRANEL,12,9,False,True,2026-09-24
2212009012,CHILE CHILACATE A GRANEL,12,9,False,True,2026-09-24
2212009013,CHILE CHIPOTLE SECO A GRANEL,12,9,False,True,2026-09-24
2212009014,CHILE DE ARBOL A GRANEL,12,9,False,True,2026-09-24
2212009015,CHILE MIRASOL A GRANEL,12,9,False,True,2026-09-24
2212009016,CHILE MULATO A GRANEL,12,9,False,True,2026-09-24
2212009017,CHILE PASILLA A GRANEL,12,9,False,True,2026-09-24
2212009018,CLAVO A GRANEL,12,9,False,True,2026-09-24
2212009019,COCO RAYADO,12,9,False,True,2026-09-24
2212009020,CONDIMENTO PARA BARBACOA,12,9,False,True,2026-09-24
2212009021,FRIJOL PERUANO EN BOLSA CON FECHA DE CADUCIDAD,12,9,False,True,2026-09-24
2212009022,GARBANZO EN BOLSA CON FECHA DE CADUCIDAD EN BOLSA DE A KILO,12,9,False,True,2026-09-24
2212009023,GRANOLA EN PAQUETE CON FECHA DE CADUCIDAD,12,9,False,True,2026-09-24
2212009024,HABA EN BOLSA CON FECHA DE CADUCIDAD,12,9,False,True,2026-09-24
2212009025,HOJA DE LAUREL,12,9,False,True,2026-09-24
2212009026,JAMAICA BOLSA DE A KILO,12,9,False,True,2026-09-24
2212009028,LENTEJA GRANDE EN BOLSA CON FECHA DE CADUCIDAD EM BOLSA DE A KILO,12,9,False,True,2026-09-24
2212009029,MAIZ PARA POZOLE EN BOLSA DE A KILO,12,9,False,True,2026-09-24
2212009030,MEJORANA A GRANEL,12,9,False,True,2026-09-24
2212009031,NUEZ EN MITAD PELADA BOLSA CON FECHA DE CADUCIDAD,12,9,False,True,2026-09-24
2212009032,PASAS EN BOLSA CON FECHA DE CADUCIDAD,12,9,False,True,2026-09-24
2212009033,PILONCILLO EN BOLSAS DE A KILO,12,9,False,True,2026-09-24
2212009034,TAMARINDO BOLSA DE A KILO,12,9,False,True,2026-09-24
2212009035,TOMILLO SECO,12,6,False,True,2026-09-24
2212009036,ALMENDRA,12,9,False,True,2026-09-24
2212009037,SALVADO,12,9,False,True,2026-09-24
2212009038,AMARANTO,12,9,False,True,2026-09-24
2212009041,JENGIBRE SECO,12,14,False,True,2026-09-24
2212010003,CHILE JALAPEÑO,13,9,True,True,2026-09-24
2212010004,CHAMPIÑONES,13,9,True,True,2026-09-24
2212010005,TE DE LIMON,13,13,True,True,2026-09-24
2212010006,TOMILLO FRESCO,13,13,True,True,2026-09-24
2212010007,ACELGA,13,13,True,True,2026-09-24
2212010008,AGUACATE,13,9,True,True,2026-09-24
2212010009,APIO,13,9,True,True,2026-09-24
2212010010,BETABEL,13,13,True,True,2026-09-24
2212010011,BROCOLI,13,9,True,True,2026-09-24
2212010012,CALABACITA ITALIANA,13,9,True,True,2026-09-24
2212010013,CALABAZA DURA,13,9,True,True,2026-09-24
2212010014,CAMOTE AMARILLO,13,9,True,True,2026-09-24
2212010015,CEBOLLA BLANCA,13,9,True,True,2026-09-24
2212010016,CEBOLLA CAMBRAY,13,13,True,True,2026-09-24
2212010017,CEBOLLA MORADA,13,9,True,True,2026-09-24
2212010019,CHAYOTE SQUASH PIEZA DE 400GR C/U,13,9,True,True,2026-09-24
2212010020,CHILE GUERO,13,9,True,True,2026-09-24
2212010021,CHILE PIMIENTO MORRON ROJO,13,9,True,True,2026-09-24
2212010022,CHILE PIMIENTO MORRON VERDE,13,9,True,True,2026-09-24
2212010023,CHILE POBLANO,13,9,True,True,2026-09-24
2212010024,CHILE SERRANO,13,9,True,True,2026-09-24
2212010025,CILANTRO FRESCO,13,13,True,True,2026-09-24
2212010026,COL BLANCA,13,9,True,True,2026-09-24
2212010027,COL MORADA,13,9,True,True,2026-09-24
2212010028,COLIFLOR,13,9,True,True,2026-09-24
2212010029,EJOTE,13,9,True,True,2026-09-24
2212010030,ELOTE,13,15,True,True,2026-09-24
2212010031,ESPINACAS FRESCAS,13,9,True,True,2026-09-24
2212010032,GERMINADO DE SOYA,13,9,True,True,2026-09-24
2212010033,HIERBABUENA FRESCA,13,13,True,True,2026-09-24
2212010034,JITOMATE BOLA,13,9,True,True,2026-09-24
2212010035,JITOMATE SALADET,13,9,True,True,2026-09-24
2212010036,LECHUGA BOLA EMPLAYADA,13,15,True,True,2026-09-24
2212010037,LIMON SIN SEMILLA,13,9,True,True,2026-09-24
2212010038,NOPALES BLANCO PICADO,13,9,True,True,2026-09-24
2212010039,OREGANO FRESCO,13,13,True,True,2026-09-24
2212010040,PAPA BLANCA,13,9,True,True,2026-09-24
2212010041,PAPA CAMBRAY,13,9,True,True,2026-09-24
2212010042,PEPINO AMERICANO,13,9,True,True,2026-09-24
2212010043,PEREJIL FRESCO,13,13,True,True,2026-09-24
2212010044,RABANOS LARGOS,13,13,True,True,2026-09-24
2212010046,TE DE MANZANILLA,13,13,True,True,2026-09-24
2212010047,TOMATE VERDE SIN HOJA,13,9,True,True,2026-09-24
2212010048,VERDOLAGA,13,9,True,True,2026-09-24
2212010049,ZANAHORIA,13,9,True,True,2026-09-24
2212010050,GERMINADO DE ALFALFA,13,14,True,True,2026-09-24
2212010053,CEBOLLA BLANCA CON RABO,13,13,True,True,2026-09-24
2212010054,CHILE HABANERO,13,9,True,True,2026-09-24
2212010055,JITOMATE CHERRY,13,9,True,True,2026-09-24
2212010056,LECHUGA SANGRÍA,13,15,True,True,2026-09-24
2212010057,LECHUGA ESCAROLA,13,15,True,True,2026-09-24
2212010058,LIMON AGRIO,13,9,True,True,2026-09-24
2212010060,JENGIBRE FRESCO,13,9,True,True,2026-09-24
2212011002,CHICHARO CONGELADO,3,14,True,True,2026-09-24
2212011003,COLIFLOR CONGELADO,3,9,True,True,2026-09-24
2212011004,EJOTE CONGELADO,3,9,True,True,2026-09-24
2212011006,MAIZ EN GRANO CONGELADO,3,9,True,True,2026-09-24
2212011007,MEZCLA BAJIO CONGELADO,3,9,True,True,2026-09-24
2212011008,MEZCLA CALIFORNIA CONGELADO,3,9,True,True,2026-09-24
2212011009,MEZCLA CAMPESINA CONGELADO,3,9,True,True,2026-09-24
2212011010,MEZCLA MEXICANA CONGELADO,3,9,True,True,2026-09-24
2212011011,ZANAHORIA EN RODAJAS CONGELADA,3,9,True,True,2026-09-24
2212011012,BROCOLI CONGELADO,3,9,True,True,2026-09-24
2212011013,MANGO CONGELADO EN TROZO,3,9,True,True,2026-09-24
2212011014,FRESA CONGELADA,3,9,True,True,2026-09-24
2212011015,PAPA A LA FRANCESA CONGELADA,3,9,True,True,2026-09-24
2212011016,GRANO DE ELOTE CONGELADO,3,9,True,True,2026-09-24
2212011017,FRIJOL CONGELADO,3,9,True,True,2026-09-24
2212011018,FRAMBUESA CONGELADA,3,9,True,True,2026-09-24
2212011019,FRIJOL DESHIDRATADO PERUANO,3,9,True,True,2026-09-24
2212011020,ZARZAMORA CONGELADA,13,9,True,True,2026-09-24
2212011026,CHICHARO CON ZANAHORIA CONGELADO,3,14,True,True,2026-09-24
2212012004,FORMULA LIQUIDA PARA PREMATUROS DE 24 KCAL/OZ FRASCO DE 88.5 ML,8,6,False,True,2026-09-24
2212012005,FORMULA INFANTIL INICIO P/LACTANTES 400GR,8,11,False,True,2026-09-24
2212012007,FORMULA INFANTIL CONTINUACION,8,11,False,True,2026-09-24
2212012008,FORMULA INFANTIL A BASE DE AISLADO DE SOYA CON HIERRO 400 GRS,8,11,False,True,2026-09-24
2212012009,FORMULA INFANTIL CON HIERRO PARA LACTANTES CON REFLUJO 400 GRS,8,11,False,True,2026-09-24
2212012010,FORMULA INFANTIL PREMATUROS BAJO PESO 400GR,8,11,False,True,2026-09-24
2212012011,FORMULA SEMIELEMENTAL CON HIERRO Y PROTEINAS HIDROLIZADAS 400 GRS,8,11,False,True,2026-09-24
2212012012,FORMULA SIN LACTOSA POLVO 400GR,8,11,False,True,2026-09-24
2212012013,FORMULA LACTEA ENTERA EN POLVO CON HIERRO Y CALCIO 840 GRS,8,11,False,True,2026-09-24
2212012014,CASEINATO DE CALCIO 100 GR,8,11,False,True,2026-09-24
2212012015,FRESUBINI PLUS,8,11,False,True,2026-09-24
2212012016,FORMULA DE SUERO CON PROTEINA EXTENSAMENTE HIDROLIZADA CON LACTOSA ADICIONADA CON LC PUFAS DE 400 GRS,8,11,False,True,2026-09-24
2212900015,AGUA EMBOTELLADA PURIFICADA 500 ML.,5,15,False,True,2026-09-24
