contrato_articulo_id,licitacion_id,codigo_articulo,proveedor_id,marca_adjudicada,marca_autorizada,presentacion_comercial,especificacion_empaque,precio_unitario,precio_referencia,activo,fecha_registro
1,LPL47/2026,2212001023,4379,CARICIA,CARICIA,PAQUETE,,235.5,251.02,True,2026-09-24
2,LPL47/2026,2212005014,4503,MOJICA,MOJICA,KG,,70.0,73.9,True,2026-09-24
3,LPL47/2026,2212001001,3269,LIBERTADOR,LIBERTADOR,BIDON,,800.0,875.31,True,2026-09-24
4,LPL47/2026,2212001002,A4684,NUTUN,NUTUN SUPER FOODS,FRASCO,,130.0,130.0,True,2026-09-24
5,LPL47/2026,2212001003,A4684,CLEMENTE JACQUES,CLEMENTE JACQUES,FRASCO,,38.0,38.39,True,2026-09-24
6,LPL47/2026,2212001006,3269,EL DORADO,EL DORADO,LATA,,202.5,228.51,True,2026-09-24
7,LPL47/2026,2212001007,3269,ZEPEDA,ZEPEDA,KG,,23.85,26.08,True,2026-09-24
8,LPL47/2026,2212001010,3269,KEPRECIO,KEPRECIO,FRASCO,,120.0,125.67,True,2026-09-24
9,LPL47/2026,2212001013,3269,NESTUM,NESTUM,LATA,,74.0,82.25,True,2026-09-24
10,LPL47/2026,2212001014,3269,NESTUM,NESTUM,LATA,,75.0,82.0,True,2026-09-24
11,LPL47/2026,2212001016,A4684,EL MEXICANO,MÁRQUEZ BROTHERS INTERNATIONAL,LATA,,40.0,45.64,True,2026-09-24
12,LPL47/2026,2212001018,3269,EL MEXICANO,EL MEXICANO,LATA,,104.0,114.1,True,2026-09-24
13,LPL47/2026,2212001019,1024,CARLOS V,,CAJA,,120.0,114.71,True,2026-09-24
14,LPL47/2026,2212001020,3269,BATICHOCO,BATICHOCO,KG,,110.0,116.25,True,2026-09-24
15,LPL47/2026,2212001021,A4684,ROLLITOS,ROLLITOS,PIEZA,,10.0,10.94,True,2026-09-24
16,LPL47/2026,2212001022,3269,BREST,BREST,GALON,,240.0,260.8,True,2026-09-24
17,LPL47/2026,2212001026,1024,SM,,KG,,35.0,36.36,True,2026-09-24
18,LPL47/2026,2212001027,3269,MEMBERT MARK,MEMBERT MARK,LITRO,,104.0,104.19,True,2026-09-24
19,LPL47/2026,2212001028,3269,PLATERIA,PLATERIA,LATA,,50.0,55.76,True,2026-09-24
20,LPL47/2026,2212001029,1024,MAIZENA,,CAJA,,250.0,239.07,True,2026-09-24
21,LPL47/2026,2212001030,A4684,MAIZENA,MAIZENA,PAQUETE,,75.0,81.5,True,2026-09-24
22,LPL47/2026,2212001031,3269,CARICIA,CARICIA,KG,,122.0,135.42,True,2026-09-24
23,LPL47/2026,2212001034,3269,MARIBEL,MARIBEL,KG,,75.0,83.68,True,2026-09-24
24,LPL47/2026,2212001035,1024,GAMESA,,CAJA,,250.0,247.76,True,2026-09-24
25,LPL47/2026,2212001036,3269,CARICIA,CARICIA,KG,,120.0,132.17,True,2026-09-24
26,LPL47/2026,2212001037,A4684,D´GARI,D´GARI,KG,,240.0,256.62,True,2026-09-24
27,LPL47/2026,2212001038,3269,3 ESTRELLAS,3 ESTRELLAS,PAQUETE,,33.5,36.08,True,2026-09-24
28,LPL47/2026,2212001040,4379,INMACULADA,INMACULADA,KG,,24.0,27.17,True,2026-09-24
29,LPL47/2026,2212001041,4503,TRES ESTRELLAS,TRES ESTRELLAS,KG,,40.0,42.38,True,2026-09-24
30,LPL47/2026,2212001042,3269,MICHEL,MICHEL,CAJA,,680.0,742.09,True,2026-09-24
31,LPL47/2026,2212001044,3269,19 HERMANOS,19 HERMANOS,PIEZA,,6.1,7.13,True,2026-09-24
32,LPL47/2026,2212001045,4379,CARNATION,CARNATION,LATA,,24.0,27.34,True,2026-09-24
33,LPL47/2026,2212001046,A4684,HELLMANNS,HELLMANNS,FRASCO,,320.0,336.87,True,2026-09-24
34,LPL47/2026,2212001047,A4684,HEINZ,HEINZ,PIEZA,PRESENTACION CAJA CON 120 PIEZAS,2.0,2.18,True,2026-09-24
35,LPL47/2026,2212001048,A4684,KARO,KARO,FRASCO,,77.0,83.42,True,2026-09-24
36,LPL47/2026,2212001049,3269,PROVINCIANO,PROVINCIANO,LATA,,265.0,290.62,True,2026-09-24
37,LPL47/2026,2212001050,A4684,MCCORMICK,MCCORMICK,FRASCO,PRESENTACION FRASCO SE 3.85 KG,140.0,153.07,True,2026-09-24
38,LPL47/2026,2212001051,4379,MCCORMICK,MCCORMICK,FRASCO,,29.0,32.6,True,2026-09-24
39,LPL47/2026,2212001053,3269,LA MODERNA,LA MODERNA,CAJA,,147.85,163.0,True,2026-09-24
40,LPL47/2026,2212001054,3269,LA MODERNA,LA MODERNA,CAJA,,147.85,162.5,True,2026-09-24
41,LPL47/2026,2212001055,3269,LA MODERNA,LA MODERNA,CAJA,,147.85,164.5,True,2026-09-24
42,LPL47/2026,2212001058,3269,CORINA,CORINA,LATA,,60.0,66.7,True,2026-09-24
43,LPL47/2026,2212001062,A4684,MAR DE CORTES,MAR DE CORTES,KG,,12.0,14.13,True,2026-09-24
44,LPL47/2026,2212001063,3269,OROZ,OROZ,KG,,14.0,14.09,True,2026-09-24
45,LPL47/2026,2212001064,A4684,EMBASA,EMBASA,LITRO,,29.0,32.9,True,2026-09-24
46,LPL47/2026,2212001065,3269,HEINZ,HEINZ,PIEZA,,1.8,1.76,True,2026-09-24
47,LPL47/2026,2212001066,A4684,DUEÑA WAN,DUEÑA WAN,LITRO,,44.0,48.9,True,2026-09-24
48,LPL47/2026,2212001066,4503,TOKIO,TOKIO,LITRO,,44.0,48.9,False,2026-09-24
49,LPL47/2026,2212001067,3269,CROSSE&BLACKWELL,CROSSE&BLACKWELL,FRASCO,,183.0,201.04,True,2026-09-24
50,LPL47/2026,2212001071,4503,CARO,CARO,LITRO,,42.0,46.19,True,2026-09-24
51,LPL47/2026,2212001072,3269,CLEMENTE JACQUES,CLEMENTE JACQUES,GALON,,48.5,53.25,True,2026-09-24
52,LPL47/2026,2212001073,A4684,HEINZ,HEINZ,PIEZA,,1.1,1.42,True,2026-09-24
53,LPL47/2026,2212001075,3269,DANY,DANY,PIEZA,,6.62,7.79,True,2026-09-24
54,LPL47/2026,2212001085,3269,HEINZ,HEINZ,PIEZA,,1.5,1.64,True,2026-09-24
55,LPL47/2026,2212001086,3269,BREST,BREST,GALON,,240.0,260.0,True,2026-09-24
56,LPL47/2026,2212001087,3269,MICHEL,MICHEL,CAJA,,912.0,1006.74,True,2026-09-24
57,LPL47/2026,2212001100,3269,LA MODERNA,LA MODERNA,CAJA,,147.85,164.0,True,2026-09-24
58,LPL47/2026,2212001101,3269,LA MODERNA,LA MODERNA,CAJA,,147.85,163.0,True,2026-09-24
59,LPL47/2026,2212001102,3269,LA MODERNA,LA MODERNA,CAJA,,147.85,163.0,True,2026-09-24
60,LPL47/2026,2212001103,3269,LA MODERNA,LA MODERNA,CAJA,,147.85,162.5,True,2026-09-24
61,LPL47/2026,2212001106,3269,LIBERTADOR,LIBERTADOR,LITRO,,48.5,54.84,True,2026-09-24
62,LPL47/2026,2212001109,1024,SM,,KG,,60.0,65.6,True,2026-09-24
63,LPL47/2026,2212001114,1024,IBARRA,,PAQUETE,,95.0,97.8,True,2026-09-24
64,LPL47/2026,2212001121,3269,DEL VALLE,DEL VALLE,PIEZA,,7.8,8.81,True,2026-09-24
65,LPL47/2026,2212001123,A4684,CARNATION,CARNATION,LITRO,,53.0,60.32,True,2026-09-24
66,LPL47/2026,2212001126,3269,MUDENA,EL MARINO,PIEZA,,4.5,4.34,True,2026-09-24
67,LPL47/2026,2212001129,3269,LA MODERNA,LA MODERNA,CAJA,,147.85,162.5,True,2026-09-24
68,LPL47/2026,2212001130,A4684,DEL FUERTE,DEL FUERTE,LITRO,,33.0,36.19,True,2026-09-24
69,LPL47/2026,2212001133,3269,BARRILITO,BARRILITO,FRASCO,,25.0,27.17,True,2026-09-24
70,LPL47/2026,2212001135,A4684,GERBER,GERBER,FRASCO,,15.0,17.34,True,2026-09-24
71,LPL47/2026,2212001136,A4684,GERBER,GERBER,FRASCO,,16.5,18.21,True,2026-09-24
72,LPL47/2026,2212001144,3269,CANOIL,CANOIL,LITRO,,48.8,53.47,True,2026-09-24
73,LPL47/2026,2212001151,4379,PAOLAS,PAOLAS,FRASCO,PRESENTACION FRASCO DE 600GR,183.0,188.0,True,2026-09-24
74,LPL47/2026,2212001152,3269,MEMBERS MARK,MEMBERS MARRK,SOBRE,,0.6,0.66,True,2026-09-24
75,LPL47/2026,2212001155,3269,BONAFONT,BONAFONT,BOTE,,8.1,8.35,True,2026-09-24
76,LPL47/2026,2212001159,A4684,MCCORMICK,MCCORMICK,FRASCO,,24.99,27.34,True,2026-09-24
77,LPL47/2026,2212001163,A4684,GOYA,GOYA,FRASCO,PRESENTACION FRASCO DE 358GR SIN HUESO,87.47,108.67,True,2026-09-24
78,LPL47/2026,2212001170,3269,PROMIN 2000,PROMIN 2000,BOLSA,,65.0,65.0,True,2026-09-24
79,LPL47/2026,2212001172,3269,3 MINUTOS,3 MINUTOS,BOTE,,44.0,40.58,True,2026-09-24
80,LPL47/2026,2212001173,1024,MI CAMPO,,FRASCO,,35.0,32.8,True,2026-09-24
81,LPL47/2026,2212001174,A4684,PAOLAS,PAOLAS,FRASCO,PRESENTACION FRASCO DE 200GR,107.8,173.87,True,2026-09-24
82,LPL47/2026,2212001181,3269,NUTIFAMILYS,NUTRIFAMILYS,KG,,270.0,260.0,True,2026-09-24
83,LPL47/2026,2212001186,3269,EL DORADO,EL DORADO,LATA,,202.0,229.21,True,2026-09-24
84,LPL47/2026,2212001187,3269,MARIBEL,MARIBEL,PAQUETE,,35.5,38.27,True,2026-09-24
85,LPL47/2026,2212001189,4379,SABROSOYA,SABROSOYA,KG,,174.0,173.87,True,2026-09-24
86,LPL47/2026,2212001190,4379,SABROSOYA,SABROSOYA,KG,,174.0,173.87,True,2026-09-24
87,LPL47/2026,2212001191,4379,SABROSOYA,SABROSOYA,KG,,174.0,173.34,True,2026-09-24
88,LPL47/2026,2212001193,4503,JUMEX,JUMEX,PIEZA,,10.2,9.96,True,2026-09-24
89,LPL47/2026,2212001196,3269,MEMBERS MARK,MEMBERS MARK,PIEZA,,30.0,29.25,True,2026-09-24
90,LPL47/2026,2212001202,3269,PEÑAFIL,PEÑAFIL,PIEZA,,20.0,27.42,True,2026-09-24
91,LPL47/2026,2212001203,3269,SM,,KG,,250.0,164.0,True,2026-09-24
92,LPL47/2026,2212001204,3269,PEPSI LIGHT,PEPSI LIGHT,PIEZA,,19.0,18.48,True,2026-09-24
93,LPL47/2026,2212002001,A4684,ATEMAJAC,CARNICERIA ATEMAJAC S.A. DE C,KG,,122.0,135.62,True,2026-09-24
94,LPL47/2026,2212002002,3269,SM,,PIEZA,,13.0,13.55,True,2026-09-24
95,LPL47/2026,2212002003,A4684,ATEMAJAC,CARNICERIA ATEMAJAC S.A. DE C.,KG,,170.0,186.44,True,2026-09-24
96,LPL47/2026,2212002004,A4684,ATEMAJAC,CARNICERIA ATEMAJAC S.A. DE C.,KG,,122.0,137.22,True,2026-09-24
97,LPL47/2026,2212002005,A4684,ATEMAJAC,CARNICERIA ATEMAJAC S.A. DE C.,KG,,148.0,160.83,True,2026-09-24
98,LPL47/2026,2212002006,A4684,ATEMAJAC,CARNICERIA ATEMAJAC S.A. DE C.,KG,,172.0,190.71,True,2026-09-24
99,LPL47/2026,2212002007,A4684,ATEMAJAC,CARNICERIA ATEMAJAC S.A. DE C.,KG,,122.0,135.42,True,2026-09-24
100,LPL47/2026,2212002008,A4684,ATEMAJAC,CARNICERIA ATEMAJAC S.A. DE C.,KG,,155.0,169.44,True,2026-09-24
101,LPL47/2026,2212002009,A4684,ATEMAJAC,CARNICERIA ATEMAJAC S.A. DE C.,KG,,78.0,87.47,True,2026-09-24
102,LPL47/2026,2212002010,A4684,ATEMAJAC,CARNICERIA ATEMAJAC S.A. DE C.,KG,,126.0,141.06,True,2026-09-24
103,LPL47/2026,2212002011,A4684,ATEMAJAC,CARNICERIA ATEMAJAC S.A. DE C.,KG,,102.0,110.84,True,2026-09-24
104,LPL47/2026,2212002012,A4684,ATEMAJAC,CARNICERIA ATEMAJAC S.A. DE C.,KG,,170.0,187.42,True,2026-09-24
105,LPL47/2026,2212002013,A4684,ATEMAJAC,CARNICERIA ATEMAJAC S.A. DE C.,KG K,,170.0,187.53,True,2026-09-24
106,LPL47/2026,2212002014,A4684,ATEMAJAC,CARNICERIA ATEMAJAC S.A. DE C.,KG,,128.0,141.59,True,2026-09-24
107,LPL47/2026,2212002015,A4684,ATEMAJAC,CARNICERIA ATEMAJAC S.A. DE C.,KG,,120.0,92.37,True,2026-09-24
108,LPL47/2026,2212002016,A4684,ATEMAJAC,CARNICERIA ATEMAJAC S.A. DE C.,KG,,122.0,135.84,True,2026-09-24
109,LPL47/2026,2212002018,A4684,ATEMAJAC,CARNICERIA ATEMAJAC S.A. DE C.,KG,,115.0,129.46,True,2026-09-24
110,LPL47/2026,2212002019,A4684,ATEMAJAC,CARNICERIA ATEMAJAC S.A. DE C.,KG,,175.0,191.92,True,2026-09-24
111,LPL47/2026,2212002020,A4684,ATEMAJAC,CARNICERIA ATEMAJAC S.A. DE C.,KG,,165.0,180.4,True,2026-09-24
112,LPL47/2026,2212002021,A4684,ATEMAJAC,CARNICERIA ATEMAJAC S.A. DE C.,KG,,171.0,185.82,True,2026-09-24
113,LPL47/2026,2212002022,A4684,ATEMAJAC,CARNICERIA ATEMAJAC S.A. DE C.,KG,,130.0,137.47,True,2026-09-24
114,LPL47/2026,2212002023,A4684,ATEMAJAC,CARNICERIA ATEMAJAC S.A. DE C.,KG,,249.0,292.5,True,2026-09-24
115,LPL47/2026,2212002024,A4684,ATEMAJAC,CARNICERIA ATEMAJAC S.A. DE C.,KG,,161.0,183.7,True,2026-09-24
116,LPL47/2026,2212002025,A4684,ATEMAJAC,CARNICERIA ATEMAJAC S.A. DE C.,KG,,40.0,46.47,True,2026-09-24
117,LPL47/2026,2212002026,A4684,ATEMAJAC,CARNICERIA ATEMAJAC S.A. DE C.,KG,,61.0,43.47,True,2026-09-24
118,LPL47/2026,2212002027,A4684,ATEMAJAC,CARNICERIA ATEMAJAC S.A. DE C.,KG,,260.0,298.84,True,2026-09-24
119,LPL47/2026,2212002028,A4684,ATEMAJAC,CARNICERIA ATEMAJAC S.A. DE C.,KG,,122.0,134.88,True,2026-09-24
120,LPL47/2026,2212002029,A4684,ATEMAJAC,CARNICERIA ATEMAJAC S.A. DE C.,KG,,180.0,201.79,True,2026-09-24
121,LPL47/2026,2212002030,A4684,ATEMAJAC,CARNICERIA ATEMAJAC S.A. DE C.,KG,,120.0,133.94,True,2026-09-24
122,LPL47/2026,2212002032,A4684,ATEMAJAC,CARNICERIA ATEMAJAC S.A. DE C.,KG,,175.0,190.17,True,2026-09-24
123,LPL47/2026,2212002033,A4684,ATEMAJAC,CARNICERIA ATEMAJAC S.A. DE C.,KG,,172.0,186.91,True,2026-09-24
124,LPL47/2026,2212002035,A4684,ATEMAJAC,CARNICERIA ATEMAJAC S.A. DE C.,KG,,77.0,87.54,True,2026-09-24
125,LPL47/2026,2212002036,A4684,ATEMAJAC,CARNICERIA ATEMAJAC S.A. DE C.,KG,,18.0,19.74,True,2026-09-24
126,LPL47/2026,2212002037,A4684,ATEMAJAC,CARNICERIA ATEMAJAC S.A. DE C.,KG,,180.0,203.36,True,2026-09-24
127,LPL47/2026,2212002039,A4684,ATEMAJAC,CARNICERIA ATEMAJAC S.A. DE C.,KG,,347.0,386.86,True,2026-09-24
128,LPL47/2026,2212002040,A4684,ATEMAJAC,CARNICERIA ATEMAJAC S.A. DE C.,KG,,122.0,135.84,True,2026-09-24
129,LPL47/2026,2212002041,A4684,ATEMAJAC,CARNICERIA ATEMAJAC S.A. DE C.,KG,,168.0,183.09,True,2026-09-24
130,LPL47/2026,2212002042,A4684,ATEMAJAC,CARNICERIA ATEMAJAC S.A. DE C.,KG,,178.0,195.76,True,2026-09-24
131,LPL47/2026,2212002043,A4684,ATEMAJAC,CARNICERIA ATEMAJAC S.A. DE C.,KG,,170.0,188.06,True,2026-09-24
132,LPL47/2026,2212002045,A4684,ATEMAJAC,CARNICERIA ATEMAJAC S.A. DE C.,KG,,120.0,130.4,True,2026-09-24
133,LPL47/2026,2212003002,4379,EL CENTENARIO,EL CENTENARIO,KG,,100.0,107.58,True,2026-09-24
134,LPL47/2026,2212003003,4379,EL CENTENARIO,EL CENTENARIO,KG,,160.0,156.0,True,2026-09-24
135,LPL47/2026,2212003008,4379,EL CENTENARIO,EL CENTENARIO,KG,,188.0,175.47,True,2026-09-24
136,LPL47/2026,2212003010,A4684,ATEMAJAC,CARNICERIA ATEMAJAC S.A. DE C.,KG,,81.0,109.34,True,2026-09-24
137,LPL47/2026,2212003011,4379,EL CENTENARIO,EL CENTENARIO,KG,,163.0,173.87,True,2026-09-24
138,LPL47/2026,2212003012,4379,SAN ANTONIO,SAN ANTONIO,KG,,80.0,81.5,True,2026-09-24
139,LPL47/2026,2212003016,3269,SM,,LITRO,,72.0,75.84,True,2026-09-24
140,LPL47/2026,2212003017,4379,EL CENTENARIO,EL CENTENARIO,KG,,161.0,162.31,True,2026-09-24
141,LPL47/2026,2212004001,3269,FRESK,,KG,,69.0,76.54,True,2026-09-24
142,LPL47/2026,2212004002,3269,FRESK,,PIEZA,,25.0,27.17,True,2026-09-24
143,LPL47/2026,2212004003,3269,FRESK,,KG,,20.0,32.6,True,2026-09-24
144,LPL47/2026,2212004004,3269,FRESK,,KG,,70.0,81.25,True,2026-09-24
145,LPL47/2026,2212004005,3269,FRESK,,KG,,78.0,87.74,True,2026-09-24
146,LPL47/2026,2212004006,3269,FRESK,,KG,,30.0,32.8,True,2026-09-24
147,LPL47/2026,2212004007,3269,FRESK,,KG,,19.0,21.74,True,2026-09-24
148,LPL47/2026,2212004008,3269,FRESK,,KG,,29.0,32.6,True,2026-09-24
149,LPL47/2026,2212004009,3269,FRESK,,KG,,25.0,27.09,True,2026-09-24
150,LPL47/2026,2212004011,3269,FRESK,,KG,,46.0,52.64,True,2026-09-24
151,LPL47/2026,2212004012,3269,FRESK,,KG,,49.0,53.58,True,2026-09-24
152,LPL47/2026,2212004013,3269,FRESK,,KG,,23.0,25.0,True,2026-09-24
153,LPL47/2026,2212004014,3269,FRESK,,KG,,20.0,22.82,True,2026-09-24
154,LPL47/2026,2212004015,3269,FRESK,,KG,,23.0,26.0,True,2026-09-24
155,LPL47/2026,2212004016,3269,FRESK,,KG,,50.0,54.84,True,2026-09-24
156,LPL47/2026,2212004017,3269,FRESK,,KG,,49.0,54.67,True,2026-09-24
157,LPL47/2026,2212004018,3269,FRESK,,KG,,20.0,25.0,True,2026-09-24
158,LPL47/2026,2212004019,3269,FRESK,,KG,,25.0,30.43,True,2026-09-24
159,LPL47/2026,2212004020,3269,FRESK,,KG,,21.0,24.92,True,2026-09-24
160,LPL47/2026,2212004021,3269,FRESK,,KG,,15.0,14.26,True,2026-09-24
161,LPL47/2026,2212004023,3269,FRESK,,KG,,18.0,20.78,True,2026-09-24
162,LPL47/2026,2212004025,3269,FRESK,,KG,,20.0,27.17,True,2026-09-24
163,LPL47/2026,2212004028,3269,FRESK,,KG,,25.0,29.25,True,2026-09-24
164,LPL47/2026,2212004029,3269,FRESK,,KG,,80.0,98.7,True,2026-09-24
165,LPL47/2026,2212004030,3269,FRESK,,KG,,80.0,92.94,True,2026-09-24
166,LPL47/2026,2212004031,3269,FRESK,,KG,,20.0,27.17,True,2026-09-24
167,LPL47/2026,2212004032,3269,FABIOLA,FABIOLA,KG,,150.0,163.0,True,2026-09-24
168,LPL47/2026,2212004035,3269,FRESK,,KG,,17.0,32.5,True,2026-09-24
169,LPL47/2026,2212004041,A4684,EL ORO,MOLINO EL GRANO DE ORO,KG,,19.0,10.97,True,2026-09-24
170,LPL47/2026,2212004044,3269,FRESK,,MANOJO,,20.0,21.87,True,2026-09-24
171,LPL47/2026,2212004045,A4684,EL ORO,MOLINO EL GRANO DE ORO,KG,,19.0,21.74,True,2026-09-24
172,LPL47/2026,2212005001,3269,ALPURA,ALPURA,PIEZA,,12.0,11.96,True,2026-09-24
173,LPL47/2026,2212005002,3269,ALPURA,ALPURA,PIEZA,,12.0,11.92,True,2026-09-24
174,LPL47/2026,2212005004,3269,ALPURA,ALPURA,PIEZA,,12.0,12.07,True,2026-09-24
175,LPL47/2026,2212005007,3269,SELLO ROJO,SELLO ROJO,LITRO,,27.0,22.96,True,2026-09-24
176,LPL47/2026,2212005011,4503,KRAFT,KRAFT,FRASCO,,200.0,211.9,True,2026-09-24
177,LPL47/2026,2212005015,3269,19 HERMANOS,19 HNOS,PIEZA,,21.0,18.42,True,2026-09-24
178,LPL47/2026,2212005016,4503,SERRANA,SERRANA,KG,,140.0,151.34,True,2026-09-24
179,LPL47/2026,2212005017,4503,SANTA MARU,SANTA MARU,KG,,123.0,133.39,True,2026-09-24
180,LPL47/2026,2212005018,4503,MM,MM,KG,,25.0,54.34,True,2026-09-24
181,LPL47/2026,2212005019,4503,SANTA MARU,SANTA MARU,KG,,136.0,146.7,True,2026-09-24
182,LPL47/2026,2212005020,4503,BARRAGAN,BARRAGAN,KG,,50.0,162.5,True,2026-09-24
183,LPL47/2026,2212005021,4503,MOJICA,MOJICA,KG,,138.0,150.25,True,2026-09-24
184,LPL47/2026,2212005022,4503,MOJICA,MOJICA,KG,,139.0,120.27,True,2026-09-24
185,LPL47/2026,2212005023,4503,UNIGURT,CAMPO ALEGRE ALIMENTOS,LITRO,,39.0,42.38,True,2026-09-24
186,LPL47/2026,2212005024,4503,UNIGURT,CAMPO ALEGRE ALIMENTOS,LITRO,,30.0,42.38,True,2026-09-24
187,LPL47/2026,2212005026,4503,MOJICA,MOJICA,KG,,12.05,113.75,True,2026-09-24
188,LPL47/2026,2212005027,4503,UNIGURT,CAMPO ALEGRE ALIMENTOS,KG,,39.0,43.87,True,2026-09-24
189,LPL47/2026,2212005028,4503,YOPLAIT,YOPLAIT,BOTE,,52.0,52.48,True,2026-09-24
190,LPL47/2026,2212005032,3269,SM,,BOTE,,350.0,380.34,True,2026-09-24
191,LPL47/2026,2212005033,4503,UNIGURT,CAMPO ALEGRE ALIMENTOS,PIEZA,,13.2,14.35,True,2026-09-24
192,LPL47/2026,2212005034,4503,MENU SOLUTIONS,MENU SOLUTIONS,KG,,16.0,176.59,True,2026-09-24
193,LPL47/2026,2212005035,4503,YOPLAIT,YOPLAIT,PIEZA,,15.0,15.36,True,2026-09-24
194,LPL47/2026,2212005038,4503,UNIFURT,CAMPO ALEGRE ALIMENTOS,LITRO,,39.0,43.74,True,2026-09-24
195,LPL47/2026,2212005041,4503,LYNCOTT,LYNCOTT,KG,,200.0,239.07,True,2026-09-24
196,LPL47/2026,2212005042,3269,LALA,LALA,LITRO,,28.2,35.86,True,2026-09-24
197,LPL47/2026,2212006001,3105,CHIC & CHICKEN,CHIC & CHICKEN,KG,,97.0,128.92,True,2026-09-24
198,LPL47/2026,2212006002,3105,CHIC & CHICKEN,CHIC & CHICKEN,KG,,160.0,130.51,True,2026-09-24
199,LPL47/2026,2212006003,3105,CHIC & CHICKEN,CHIC & CHICKEN,KG,,66.0,75.44,True,2026-09-24
200,LPL47/2026,2212006004,1024,SM,,KG,,37.0,42.38,True,2026-09-24
201,LPL47/2026,2212006005,3105,CHIC & CHICKEN,CHIC & CHICKEN,KG,,102.0,129.32,True,2026-09-24
202,LPL47/2026,2212006006,3105,CHIC & CHICKEN,CHIC & CHICKEN,KG,,92.0,113.75,True,2026-09-24
203,LPL47/2026,2212006009,3105,CHIC & CHICKEN,CHIC & CHICKEN,KG,,112.0,142.57,True,2026-09-24
204,LPL47/2026,2212006011,3269,SM,,PIEZA,,19.0,20.78,True,2026-09-24
205,LPL47/2026,2212006012,3105,CHIC & CHICKEN,CHIC & CHICKEN,PIEZA,,140.0,163.0,True,2026-09-24
206,LPL47/2026,2212006013,3105,CHIC & CHICKEN,CHIC & CHICKEN,KG,,95.0,129.32,True,2026-09-24
207,LPL47/2026,2212006014,3105,CHIC & CHICKEN,CHIC & CHICKEN,KG,,60.0,102.92,True,2026-09-24
208,LPL47/2026,2212007001,1024,SM,,KG,,295.0,301.59,True,2026-09-24
209,LPL47/2026,2212007003,1024,SM,,KG,,210.0,213.2,True,2026-09-24
210,LPL47/2026,2212007004,1024,SM,,KG,,210.0,211.9,True,2026-09-24
211,LPL47/2026,2212007006,1024,SM,,KG,,160.0,163.0,True,2026-09-24
212,LPL47/2026,2212007007,1024,SM,,KG,,210.0,211.25,True,2026-09-24
213,LPL47/2026,2212007008,1024,SM,,KG,,210.0,213.85,True,2026-09-24
214,LPL47/2026,2212007009,1024,SM,,KG,,300.0,322.54,True,2026-09-24
215,LPL47/2026,2212007010,1024,SM,,KG,,210.0,211.9,True,2026-09-24
216,LPL47/2026,2212008002,A4684,CHUYS,CHUYS,PAQUETE,,27.0,29.34,True,2026-09-24
217,LPL47/2026,2212008004,4503,SWEETCRUMBS,FELIPE DE JESUS MORALES RIOS,KG,,350.0,357.5,True,2026-09-24
218,LPL47/2026,2212008006,4503,SWEETCRUMBS,FELIPE DE JESUS MORALES RIOS,PIEZA,,19.5,19.74,True,2026-09-24
219,LPL47/2026,2212008007,4503,FELIPE DE JESUS MORALES RIOS,FELIPE DE JESUS MORALES RIOS,PIEZA,,10.0,10.94,True,2026-09-24
220,LPL47/2026,2212008008,4503,FELIPE DE JESUS MORALES RIOS,FELIPE DE JESUS MORALES RIOS,PIEZA,,6.0,6.52,True,2026-09-24
221,LPL47/2026,2212008010,3269,BIMBO,BIMBO,PAQUETE,,46.5,49.45,True,2026-09-24
222,LPL47/2026,2212008011,4503,FELIPE DE JESUS MORALES RIOS,FELIPE DE JESUS MORALES RIOS,PIEZA,,12.9,13.0,True,2026-09-24
223,LPL47/2026,2212008012,3269,ZEPEDA,ZEPEDA,KG,,80.0,86.64,True,2026-09-24
224,LPL47/2026,2212008013,3269,BIMBO,BIMBO,PAQUETE,,43.0,46.47,True,2026-09-24
225,LPL47/2026,2212008014,3269,BIMBO,BIMBO,PAQUETE,,39.0,42.93,True,2026-09-24
226,LPL47/2026,2212008015,3269,BIMBO,BIMBO,PAQUETE,,32.0,34.24,True,2026-09-24
227,LPL47/2026,2212008017,A4684,EL ORO,MOLINO EL GRANO DE ORO,PIEZA,,12.1,12.97,True,2026-09-24
228,LPL47/2026,2212008018,4503,FELIPE DE JESUS MORALES RIOS,FELIPE DE JESUS MORALES RIOS,PIEZA,,10.0,10.97,True,2026-09-24
229,LPL47/2026,2212008020,A4684,TIA ROSA,BIMBO SA DE CV,KG,,11.0,10.94,True,2026-09-24
230,LPL47/2026,2212008021,A4684,EL ORO,MOLINO EL GRANO DE ORO,KG,,27.3,31.51,True,2026-09-24
231,LPL47/2026,2212008022,A4684,CHUY'S,MOLINO EL GRANO DE ORO,PIEZA,,1.22,1.26,True,2026-09-24
232,LPL47/2026,2212008023,A4684,EL ORO,MOLINO EL GRANO DE ORO,KG,,70.0,75.84,True,2026-09-24
233,LPL47/2026,2212008024,3269,BIMBO,BIMBO,PAQUETE,,46.0,51.55,True,2026-09-24
234,LPL47/2026,2212008028,4503,FELIPE DE JESUS MORALES RIOS,FELIPE DE JESUS MORALES RIOS,PIEZA,,10.5,10.94,True,2026-09-24
235,LPL47/2026,2212008029,4503,FELIPE DE JESUS MORALES RIOS,FELIPE DE JESUS MORALES RIOS,PIEZA,,12.9,13.04,True,2026-09-24
236,LPL47/2026,2212008033,A4684,EL ORO,MOLINO EL GRANO DE ORO,PIEZA,,20.0,22.75,True,2026-09-24
237,LPL47/2026,2212008034,3269,MISSION,MISSION,KG,,80.0,54.84,True,2026-09-24
238,LPL47/2026,2212008035,A4684,EL ORO,MOLINO EL GRANO DE ORO,KG,,27.3,31.7,True,2026-09-24
239,LPL47/2026,2212008037,4503,FELIPE DE JESUS MORALES RIOS,FELIPE DE JESUS MORALES RIOS,PIEZA,,7.0,7.5,True,2026-09-24
240,LPL47/2026,2212008039,4503,FELIPE DE JESUS MORALES RIOS,FELIPE DE JESUS MORALES RIOS,PIEZA,,13.5,14.13,True,2026-09-24
241,LPL47/2026,2212008040,4503,SWEETCRUMBS,FELIPE DE JESUS MORALES RIOS,KG,,350.0,357.5,True,2026-09-24
242,LPL47/2026,2212008042,4503,SWEETCRUMBS,FELIPE DE JESUS MORALES RIOS,PIEZA,,3.5,3.57,True,2026-09-24
243,LPL47/2026,2212008045,4503,SWEETCRUMBS,FELIPE DE JESUS MORALES RIOS,PIEZA,,21.5,21.87,True,2026-09-24
244,LPL47/2026,2212008048,A4684,COFFEEMATE,COFFEEMATE,PIEZA,,66.0,77.16,True,2026-09-24
245,LPL47/2026,2212008050,3269,PEPSI,PEPSI,PIEZA,,18.3,19.83,True,2026-09-24
246,LPL47/2026,2212008051,1024,SM,,PIEZA,,40.0,43.87,True,2026-09-24
247,LPL47/2026,2212009002,3269,FABIOLA,FABIOLA,KG,,135.0,142.14,True,2026-09-24
248,LPL47/2026,2212009005,1024,SM,,KG,,85.0,92.37,True,2026-09-24
249,LPL47/2026,2212009006,4503,ZEPEDA,ZEPEDA,KG,,60.0,70.64,True,2026-09-24
250,LPL47/2026,2212009007,4503,ZEPEDA,ZEPEDA,KG,,38.0,41.17,True,2026-09-24
251,LPL47/2026,2212009008,3269,ZEPEDA,ZEPEDA,KG,,22.0,24.13,True,2026-09-24
252,LPL47/2026,2212009009,4503,ZEPEDA,ZEPEDA,KG,,66.0,71.07,True,2026-09-24
253,LPL47/2026,2212009010,3269,FABIOLA,FABIOLA,KG,,270.0,304.27,True,2026-09-24
254,LPL47/2026,2212009011,3269,FABIOLA,FABIOLA,KG,,170.0,177.13,True,2026-09-24
255,LPL47/2026,2212009012,1024,SM,,KG,,130.0,146.25,True,2026-09-24
256,LPL47/2026,2212009013,4379,NAVARRO,NAVARRO,KG,,195.0,197.4,True,2026-09-24
257,LPL47/2026,2212009014,1024,SM,,KG,,130.0,147.6,True,2026-09-24
258,LPL47/2026,2212009015,3269,FABIOLA,FABIOLA,KG,,135.0,146.7,True,2026-09-24
259,LPL47/2026,2212009016,4379,NAVARRO,NAVARRO,KG,,163.5,163.0,True,2026-09-24
260,LPL47/2026,2212009017,4379,NAVARRO,NAVARRO,KG,,174.4,173.34,True,2026-09-24
261,LPL47/2026,2212009018,4379,NAVARRO,NAVARRO,KG,,235.0,241.27,True,2026-09-24
262,LPL47/2026,2212009020,4379,NAVARRO,NAVARRO,KG,,105.0,111.52,True,2026-09-24
263,LPL47/2026,2212009021,3269,ZEPEDA,ZEPEDA,KG,,32.5,34.78,True,2026-09-24
264,LPL47/2026,2212009022,3269,ZEPEDA,ZEPEDA,KG,,38.0,41.3,True,2026-09-24
265,LPL47/2026,2212009023,1024,SM,,KG,,60.0,65.0,True,2026-09-24
266,LPL47/2026,2212009024,4379,NAVARRO,NAVARRO,KG,,87.2,87.74,True,2026-09-24
267,LPL47/2026,2212009025,1024,SM,,KG,,90.0,98.4,True,2026-09-24
268,LPL47/2026,2212009026,1024,SM,,KG,,95.0,108.67,True,2026-09-24
269,LPL47/2026,2212009028,3269,ZEPEDA,ZEPEDA,KG,,36.0,41.3,True,2026-09-24
270,LPL47/2026,2212009029,4503,ZEPEDA,ZEPEDA,KG,,44.0,47.67,True,2026-09-24
271,LPL47/2026,2212009030,3269,FABIOLA,FABIOLA,KG,,100.0,98.7,True,2026-09-24
272,LPL47/2026,2212009031,3269,FABIOLA,FABIOLA,KG,,335.0,349.87,True,2026-09-24
273,LPL47/2026,2212009032,3269,FABIOLA,FABIOLA,KG,,65.0,65.2,True,2026-09-24
274,LPL47/2026,2212009033,3269,ZEPEDA,ZEPEDA,KG,,42.5,47.82,True,2026-09-24
275,LPL47/2026,2212009034,4379,NAVARRO,NAVARRO,KG,,73.0,75.84,True,2026-09-24
276,LPL47/2026,2212009035,3269,TERANA,TERANA,FRASCO,,75.0,120.64,True,2026-09-24
277,LPL47/2026,2212009036,1024,SM,,KG,,210.0,216.48,True,2026-09-24
278,LPL47/2026,2212009038,A4684,NAVARRO,NAVARRO,KG,PRESENTACION NATURAL,77.0,83.68,True,2026-09-24
279,LPL47/2026,2212009041,4379,NAVARRO,NAVARRO,PAQUETE,,32.0,31.52,True,2026-09-24
280,LPL47/2026,2212010003,3269,FRESK,,KG,,30.0,32.5,True,2026-09-24
281,LPL47/2026,2212010004,3269,FRESK,,KG,,90.0,98.7,True,2026-09-24
282,LPL47/2026,2212010005,3269,FRESK,,MANOJO,,24.0,27.34,True,2026-09-24
283,LPL47/2026,2212010007,3269,FRESK,,MANOJO,,17.0,18.48,True,2026-09-24
284,LPL47/2026,2212010008,3269,FRESK,,KG,,65.0,76.07,True,2026-09-24
285,LPL47/2026,2212010009,3269,FRESK,,KG,,20.0,24.92,True,2026-09-24
286,LPL47/2026,2212010010,3269,FRESK,,MANOJO,,19.0,21.94,True,2026-09-24
287,LPL47/2026,2212010011,3269,FRESK,,KG,,20.0,21.87,True,2026-09-24
288,LPL47/2026,2212010012,3269,FRESK,,KG,,20.0,23.91,True,2026-09-24
289,LPL47/2026,2212010013,3269,FRESK,,KG,,15.0,16.3,True,2026-09-24
290,LPL47/2026,2212010014,3269,FRESK,,KG,,23.0,27.09,True,2026-09-24
291,LPL47/2026,2212010015,3269,FRESK,,KG,,21.0,18.65,True,2026-09-24
292,LPL47/2026,2212010016,3269,FRESK,,MANOJO,,20.0,21.87,True,2026-09-24
293,LPL47/2026,2212010017,3269,FRESK,,KG,,23.0,25.0,True,2026-09-24
294,LPL47/2026,2212010019,3269,FRESK,,KG,,20.0,23.91,True,2026-09-24
295,LPL47/2026,2212010020,3269,FRESK,,KG,,30.0,32.5,True,2026-09-24
296,LPL47/2026,2212010021,3269,FRESK,,KG,,45.0,60.32,True,2026-09-24
297,LPL47/2026,2212010022,3269,FRESK,,KG,,50.0,60.14,True,2026-09-24
298,LPL47/2026,2212010023,3269,FRESK,,KG,,28.0,30.43,True,2026-09-24
299,LPL47/2026,2212010024,3269,FRESK,,KG,,28.0,30.43,True,2026-09-24
300,LPL47/2026,2212010025,3269,FRESK,,MANOJO,,25.0,27.09,True,2026-09-24
301,LPL47/2026,2212010026,3269,FRESK,,KG,,10.0,10.97,True,2026-09-24
302,LPL47/2026,2212010027,3269,FRESK,,KG,,14.0,16.4,True,2026-09-24
303,LPL47/2026,2212010028,3269,FRESK,,KG,,20.0,21.74,True,2026-09-24
304,LPL47/2026,2212010029,3269,FRESK,,KG,,33.0,38.04,True,2026-09-24
305,LPL47/2026,2212010030,3269,FRESK,,PIEZA,,8.5,9.75,True,2026-09-24
306,LPL47/2026,2212010031,3269,FRESK,,KG,,20.0,21.94,True,2026-09-24
307,LPL47/2026,2212010032,3269,FRESK,,KG,,55.0,60.14,True,2026-09-24
308,LPL47/2026,2212010033,3269,FRESK,,MANOJO,,18.0,21.74,True,2026-09-24
309,LPL47/2026,2212010034,3269,FRESK,,KG,,25.0,23.91,True,2026-09-24
310,LPL47/2026,2212010035,3269,FRESK,,KG,,24.0,24.92,True,2026-09-24
311,LPL47/2026,2212010036,3269,FRESK,,PIEZA,,20.0,21.94,True,2026-09-24
312,LPL47/2026,2212010037,3269,FRESK,,KG,,20.0,27.34,True,2026-09-24
313,LPL47/2026,2212010038,3269,FRESK,,KG,,30.0,34.78,True,2026-09-24
314,LPL47/2026,2212010039,3269,FRESK,,MANOJO,,15.0,16.3,True,2026-09-24
315,LPL47/2026,2212010040,3269,FRESK,,KG,,30.0,29.25,True,2026-09-24
316,LPL47/2026,2212010041,3269,FRESK,,KG,,26.0,27.42,True,2026-09-24
317,LPL47/2026,2212010042,3269,FRESK,,KG,,23.0,25.15,True,2026-09-24
318,LPL47/2026,2212010043,3269,FRESK,,MANOJO,,17.0,19.56,True,2026-09-24
319,LPL47/2026,2212010044,3269,FRESK,,MANOJO,,20.0,21.74,True,2026-09-24
320,LPL47/2026,2212010046,3269,FRESK,,MANOJO,,27.0,29.25,True,2026-09-24
321,LPL47/2026,2212010047,3269,FRESK,,KG,,20.5,25.23,True,2026-09-24
322,LPL47/2026,2212010048,3269,FRESK,,KG,,20.0,21.87,True,2026-09-24
323,LPL47/2026,2212010049,3269,FRESK,,KG,,17.0,19.56,True,2026-09-24
324,LPL47/2026,2212010050,3269,FRESK,,PAQUETE,,23.0,27.17,True,2026-09-24
325,LPL47/2026,2212010053,3269,FRESK,,MANOJO,,20.0,21.67,True,2026-09-24
326,LPL47/2026,2212010054,3269,FRESK,,KG,,78.0,87.74,True,2026-09-24
327,LPL47/2026,2212010055,3269,FRESK,,KG,,28.0,32.8,True,2026-09-24
328,LPL47/2026,2212010056,3269,FRESK,,PIEZA,,18.0,20.65,True,2026-09-24
329,LPL47/2026,2212010057,3269,FRESK,,PIEZA,,18.0,20.65,True,2026-09-24
330,LPL47/2026,2212010058,3269,FRESK,,KG,,25.0,27.09,True,2026-09-24
331,LPL47/2026,2212010060,3269,FRESK,,KG,,24.0,87.74,True,2026-09-24
332,LPL47/2026,2212011002,3269,SM,,PAQUETE,,188.0,193.52,True,2026-09-24
333,LPL47/2026,2212011003,3269,SM,,KG,,68.0,70.64,True,2026-09-24
334,LPL47/2026,2212011004,3269,SM,,KG,,102.0,108.13,True,2026-09-24
335,LPL47/2026,2212011006,3269,SM,,KG,,61.0,65.0,True,2026-09-24
336,LPL47/2026,2212011008,3269,SM,,KG,,75.0,80.06,True,2026-09-24
337,LPL47/2026,2212011009,3269,SM,,KG,,75.0,79.82,True,2026-09-24
338,LPL47/2026,2212011011,3269,SM,,KG,,78.0,81.5,True,2026-09-24
339,LPL47/2026,2212011012,3269,SM,,KG,,72.0,76.07,True,2026-09-24
340,LPL47/2026,2212011013,3269,SM,,KG,,95.0,102.38,True,2026-09-24
341,LPL47/2026,2212011014,3269,SM,,KG,,114.0,125.02,True,2026-09-24
342,LPL47/2026,2212011015,3269,SM,,KG,,84.0,91.84,True,2026-09-24
343,LPL47/2026,2212011016,3269,SM,,KG,,75.0,74.98,True,2026-09-24
344,LPL47/2026,2212011018,3269,SM,,KG,,250.0,163.0,True,2026-09-24
345,LPL47/2026,2212011019,4379,NAVARRO,NAVARRO,KG,,99.0,108.34,True,2026-09-24
346,LPL47/2026,2212011020,3269,FRESK,,KG,,80.0,197.4,True,2026-09-24
347,LPL47/2026,2212011026,3269,SM,,PAQUETE,,174.0,191.34,True,2026-09-24
348,LPL47/2026,2212900015,3269,MEMBERS MARK,MEMBERS MARK,PIEZA,,5.5,5.98,True,2026-09-24
